BuildingIndex,P1(CustomerID),Plug-in mean,Plug-in lowerBound,Plug-in upperBound,Plug-out mean,Plug-out lowerBound,Plug-out upperBound,Initial SOC mean[%],Initial SOC lowerBound [%],Initial SOC upperBound [%]
1,1,37,35,40,72,70,75,39,36,43
1,1,44,40,49,80,77,85,22,19,29
1,1,34,29,41,82,79,86,47,43,51
1,1,27,25,32,75,71,81,57,52,59
1,1,21,14,28,70,67,77,46,39,48
1,1,28,21,32,82,76,86,49,42,55
1,1,37,31,44,71,69,76,56,52,60
1,1,24,19,26,87,85,92,43,37,46
1,1,40,37,47,83,77,89,42,35,46
1,1,37,30,43,75,72,80,22,19,25
1,1,30,24,36,83,76,85,28,22,33
1,1,37,33,44,81,74,88,16,13,22
1,1,36,32,43,73,71,78,26,23,31
1,1,31,24,35,85,81,88,26,19,33
1,1,24,22,30,81,79,87,38,33,43
1,1,26,24,28,70,63,76,44,37,48
1,1,33,27,37,81,75,87,17,13,22
1,1,35,32,42,78,74,83,34,31,37
1,1,42,36,45,86,81,92,47,44,49
1,1,33,28,39,88,82,93,57,50,59
1,1,32,26,39,87,82,91,33,31,37
1,1,33,31,35,69,63,72,58,51,62
1,1,27,21,29,80,78,84,21,17,28
1,1,36,30,38,71,69,76,50,43,56
1,1,38,32,43,87,82,89,55,53,60
1,1,43,40,49,88,86,91,43,40,48
1,1,44,42,46,80,73,82,54,50,60
1,1,43,36,49,86,81,89,15,10,22
1,1,33,28,39,84,77,89,59,57,63
1,1,23,21,30,79,76,85,47,44,51
1,1,38,35,43,88,82,91,16,10,20
1,1,24,19,31,79,75,84,47,44,50
1,1,16,14,22,69,67,76,37,30,43
1,1,32,26,37,69,63,71,26,21,31
1,1,26,24,28,80,76,86,55,50,57
1,1,42,38,45,68,66,72,41,34,44
1,1,32,27,37,69,64,76,39,35,42
1,1,27,22,29,77,73,82,42,40,49
1,1,30,27,32,73,68,76,28,26,34
1,1,26,19,32,74,67,79,48,44,53
1,1,36,34,38,71,65,77,36,31,41
1,1,28,25,32,75,73,78,43,38,50
1,1,33,31,40,68,64,74,41,36,48
1,1,26,24,31,83,76,88,30,23,34
1,1,24,21,26,86,83,91,45,39,52
1,1,18,12,24,80,77,83,46,41,52
1,1,33,31,40,68,64,75,52,47,55
1,1,40,36,47,79,72,83,50,46,52
1,1,40,34,45,76,71,81,58,53,61
1,1,42,38,49,76,69,80,40,36,45
1,1,31,29,38,68,66,75,43,41,47
1,1,16,9,19,75,68,79,40,37,43
1,1,18,13,24,74,70,81,47,42,49
1,1,21,14,23,86,82,93,29,22,32
1,1,23,18,27,74,71,78,30,26,33
1,1,36,30,41,88,85,91,24,20,31
1,1,31,28,34,84,77,90,51,45,57
1,1,38,36,41,68,64,72,31,27,34
1,1,18,11,21,70,68,74,35,30,39
1,1,27,22,29,72,65,76,40,37,43
1,1,16,12,23,79,77,86,54,52,61
1,1,19,16,22,78,73,80,59,52,63
1,1,18,16,25,87,85,92,44,42,47
1,1,28,21,35,85,80,91,25,19,31
1,1,22,17,28,79,73,85,47,44,54
1,1,17,14,20,87,82,94,35,33,37
1,1,37,31,44,74,71,81,29,26,33
1,1,20,18,23,84,77,88,33,30,40
1,1,37,31,41,78,74,81,23,17,30
1,1,35,28,37,76,69,79,52,46,57
1,1,29,26,36,86,82,91,55,53,61
1,1,19,14,24,78,76,83,16,13,21
1,1,17,14,24,72,69,77,40,34,45
1,1,26,23,30,84,81,91,32,29,35
1,1,42,35,48,88,83,95,51,47,54
1,1,31,26,38,68,62,75,36,29,41
1,1,25,20,32,83,79,85,41,38,44
1,1,29,23,35,84,82,88,25,22,30
1,1,31,24,34,72,65,79,44,38,49
1,1,24,17,26,84,81,86,58,54,60
1,1,17,15,22,77,73,81,34,32,41
1,1,28,22,34,73,68,79,32,25,35
1,1,25,22,29,74,71,76,37,30,40
1,1,39,33,44,82,77,86,30,23,35
1,1,19,15,24,87,82,92,33,26,38
1,1,36,29,41,70,64,77,50,48,53
1,1,20,18,27,78,76,82,18,16,25
1,1,38,32,42,81,75,85,21,14,28
1,1,27,20,32,78,71,80,29,24,31
1,1,33,30,40,70,64,73,27,20,34
1,1,28,22,30,69,62,73,58,55,65
1,1,32,26,36,81,76,86,33,27,40
1,1,31,24,37,81,74,88,54,48,60
1,1,38,34,42,81,79,84,44,39,51
1,1,20,16,24,73,66,79,27,25,34
1,1,30,26,36,75,69,77,49,47,55
1,1,35,31,41,83,77,87,45,41,51
1,1,35,29,37,88,82,91,50,43,54
1,1,20,15,23,71,66,75,37,30,40
1,1,29,25,36,76,69,81,34,29,37
1,1,42,39,48,85,78,91,23,16,29
1,1,34,31,36,83,76,85,49,43,55
1,1,20,17,24,86,79,88,43,40,50
1,1,44,42,51,88,82,90,20,14,23
1,1,32,28,39,68,64,75,34,31,39
1,1,36,30,41,75,71,79,43,36,47
1,1,19,14,24,84,80,86,36,29,41
1,1,44,40,50,80,75,86,49,42,54
1,1,24,19,31,71,67,76,30,23,37
1,1,24,18,31,74,67,78,54,49,61
1,1,33,28,35,72,70,75,19,15,21
1,1,40,38,44,88,83,94,43,41,49
1,1,38,34,41,84,79,89,28,24,35
1,1,32,30,39,83,77,85,52,47,54
1,1,22,19,24,86,79,93,59,57,63
1,1,21,18,23,75,72,79,26,19,33
1,1,26,24,31,73,68,76,19,17,23
1,1,41,37,44,73,68,79,16,10,19
1,1,31,29,34,79,73,86,49,46,56
1,1,26,19,30,71,67,76,34,27,39
1,1,19,14,22,84,79,91,58,52,61
1,1,43,37,50,80,78,82,48,46,55
1,1,44,37,51,88,86,90,54,47,61
1,1,34,29,38,82,79,84,45,41,48
1,1,35,31,41,81,75,84,17,13,19
1,1,40,38,43,84,81,87,50,46,54
1,1,21,19,26,87,83,89,49,46,56
1,1,40,37,43,76,73,81,43,39,45
1,1,36,33,41,76,70,80,55,52,61
1,1,35,29,37,78,72,85,43,37,49
1,1,29,26,34,77,72,83,43,36,45
1,1,30,25,33,75,73,80,36,29,39
1,1,43,36,50,74,70,81,48,43,51
1,1,23,17,28,78,74,84,58,54,60
1,1,44,38,51,70,65,75,57,50,62
1,1,23,18,26,78,72,85,27,21,30
1,1,34,32,36,74,68,76,41,36,46
1,1,30,23,35,75,70,79,60,57,64
1,1,17,11,19,70,66,73,43,37,48
1,1,32,30,36,88,84,90,23,21,28
1,1,24,21,29,82,75,87,18,16,22
1,1,21,16,28,71,67,78,20,14,23
1,1,40,35,43,69,65,72,50,48,52
1,1,35,28,39,85,78,88,18,14,20
1,1,25,18,28,72,70,74,30,27,32
1,1,39,35,42,86,83,89,51,45,53
1,1,41,39,44,82,79,84,50,45,53
1,1,28,23,34,72,67,76,23,18,26
1,1,37,34,41,72,65,77,17,15,20
1,1,19,14,21,75,68,78,40,34,45
1,1,25,20,31,87,85,94,26,24,33
1,1,30,26,32,75,73,82,50,46,53
1,1,35,31,40,81,74,83,49,46,54
1,1,28,21,34,82,79,86,45,39,50
1,1,25,22,31,79,76,86,37,35,40
1,1,42,37,46,77,71,84,21,17,24
1,1,41,34,46,86,84,92,36,33,38
1,1,16,13,20,75,70,81,60,53,63
1,1,24,21,26,85,82,92,43,37,45
1,1,33,31,35,75,70,82,41,35,46
1,1,27,24,30,79,76,82,42,35,48
1,1,25,22,30,88,83,90,39,34,44
1,1,29,23,32,84,81,87,50,48,57
1,1,41,36,45,85,83,90,44,40,49
1,1,27,23,32,70,65,75,21,17,27
1,1,36,31,38,84,81,90,58,54,61
1,1,29,24,31,78,73,81,21,14,24
1,1,30,24,35,85,83,87,38,31,44
1,1,38,32,40,80,74,86,34,27,40
1,1,34,32,39,83,81,90,31,28,34
1,1,16,14,20,87,83,91,41,38,47
1,1,23,20,28,88,84,90,35,28,42
1,1,28,25,30,82,76,84,57,55,60
1,1,39,35,41,80,76,86,43,39,49
1,1,18,13,20,72,65,75,32,28,39
1,1,44,42,47,78,72,82,18,11,23
1,1,27,25,30,73,67,80,37,33,39
1,1,32,28,35,74,69,78,40,38,42
1,1,35,30,41,72,70,76,28,22,30
1,1,41,38,48,84,82,88,56,53,62
1,1,41,34,45,84,80,88,27,23,32
1,1,23,19,25,82,78,84,22,17,27
1,1,41,36,43,83,81,90,42,39,46
1,1,36,32,42,84,77,91,25,22,29
1,1,20,15,24,88,85,92,34,32,40
1,1,44,42,48,84,79,91,23,16,28
1,1,16,9,23,84,77,86,40,33,44
1,1,31,29,35,73,69,77,19,12,24
1,1,36,34,42,86,84,91,44,38,46
1,1,32,26,37,84,78,86,55,53,62
1,1,32,28,36,79,77,83,23,16,25
1,1,36,33,42,72,67,76,32,27,39
1,1,40,34,44,86,83,92,17,15,23
1,1,34,29,37,72,68,79,53,47,58
1,1,20,14,25,87,84,91,56,54,60
1,1,25,20,30,78,73,80,44,39,49
1,1,28,25,34,75,73,77,55,51,58
1,1,29,26,33,86,84,90,52,46,57
1,1,36,30,41,78,73,83,20,13,22
1,1,34,27,39,72,65,75,56,50,63
1,1,17,12,19,81,76,87,24,20,30
1,1,27,24,32,71,67,77,31,27,35
1,1,37,32,43,81,74,83,19,16,25
1,1,25,18,27,79,75,82,22,18,27
1,1,21,18,27,85,78,87,32,28,38
1,1,20,16,23,82,76,86,26,24,28
1,1,44,39,48,80,78,84,15,12,17
1,1,26,24,29,71,64,73,27,20,34
1,1,36,33,43,86,80,89,25,22,31
1,1,43,41,45,84,81,89,47,45,51
1,1,35,29,39,70,68,74,37,34,42
1,1,26,20,30,75,71,81,39,33,41
1,1,40,36,46,88,84,93,41,36,47
1,1,29,25,35,68,66,73,37,32,43
1,1,17,10,20,80,78,85,39,36,41
1,1,36,33,42,68,61,74,54,52,60
1,1,42,38,46,74,67,81,36,32,39
1,1,27,20,33,73,70,80,16,14,20
1,1,44,40,49,83,79,87,25,23,29
1,1,38,36,44,77,74,83,36,29,42
1,1,35,32,41,68,63,70,23,20,25
1,1,40,36,46,88,82,93,55,49,57
1,1,38,34,42,86,84,91,57,50,63
1,1,30,27,34,81,77,87,28,21,30
1,1,31,26,36,84,79,87,41,36,45
1,1,34,27,37,81,75,87,20,15,25
1,1,29,22,35,70,66,77,22,20,28
1,1,29,26,33,71,65,77,60,57,65
1,1,33,31,39,70,64,77,46,41,53
1,1,29,25,36,70,64,77,17,15,24
1,1,43,39,45,77,70,80,30,26,35
1,1,36,33,42,87,85,93,57,50,62
1,1,19,15,22,72,65,79,52,46,59
1,1,43,40,46,77,75,83,57,55,59
1,1,44,38,47,84,81,91,43,38,47
1,1,20,16,25,81,79,88,21,14,28
1,1,21,14,25,70,63,77,23,19,26
1,1,30,25,32,71,68,77,57,53,60
1,1,23,16,27,75,73,81,31,26,35
1,1,30,28,35,73,71,77,35,32,39
1,1,23,17,26,74,68,77,42,35,47
1,1,28,24,30,75,72,79,34,27,39
1,1,41,34,48,77,75,81,29,23,33
1,1,27,24,33,78,75,81,51,45,58
1,1,39,37,42,83,76,85,53,46,55
1,1,36,30,40,85,83,88,48,45,55
1,1,30,25,37,88,82,90,16,10,19
1,1,24,18,29,68,64,73,31,27,35
1,1,20,13,24,82,78,86,30,23,36
1,1,31,28,34,83,77,86,29,22,32
1,1,32,27,38,71,66,77,35,31,40
1,1,27,21,34,72,69,79,15,12,18
1,1,27,24,33,69,67,74,28,24,32
1,1,23,20,25,68,62,74,45,43,49
1,1,44,42,49,74,71,76,43,37,50
1,1,40,34,44,84,81,89,55,51,62
1,1,42,36,44,73,68,79,60,53,66
1,1,42,40,46,75,73,80,41,39,46
1,1,31,25,38,82,77,86,56,49,62
1,1,29,22,33,86,80,92,21,16,23
1,1,41,36,47,79,73,86,15,10,22
1,1,26,23,32,79,76,86,40,33,45
1,1,31,27,35,86,79,93,27,23,30
1,1,41,35,47,81,76,86,53,48,58
1,1,37,32,42,83,79,85,44,38,46
1,1,27,25,31,73,70,75,45,38,48
1,1,28,22,33,68,61,73,30,24,37
1,1,26,23,31,82,75,88,52,48,58
1,1,18,11,20,83,80,86,27,21,32
1,1,27,25,29,85,80,87,42,39,46
1,1,39,33,43,74,69,76,17,10,20
1,1,27,20,29,85,79,87,19,13,22
1,1,28,21,32,83,79,87,22,17,28
1,1,28,22,34,77,75,80,47,44,49
1,1,20,15,22,69,67,74,31,29,36
1,1,17,15,21,75,73,81,54,50,61
1,1,28,26,34,82,80,88,21,14,27
1,1,42,36,47,78,74,80,41,37,47
1,1,23,16,26,78,75,80,29,27,31
1,1,36,29,38,81,74,84,57,51,62
1,1,20,18,24,87,80,92,24,17,30
1,1,42,39,47,78,74,83,33,28,38
1,1,22,18,28,79,76,82,18,15,24
1,1,17,15,20,82,79,84,21,16,25
1,1,37,30,41,77,75,82,30,25,37
1,1,22,17,26,86,84,91,41,35,43
1,1,19,15,23,87,83,90,34,31,36
1,1,29,26,32,77,70,82,56,53,60
1,1,16,14,23,79,72,85,49,42,56
1,1,36,31,38,78,73,80,40,37,43
1,1,44,38,47,82,77,86,38,35,43
1,1,35,28,39,83,79,88,58,56,64
1,1,39,33,46,82,78,85,16,11,19
1,1,41,39,48,77,75,84,21,19,23
1,1,44,37,46,71,68,77,39,34,41
1,1,21,15,28,85,78,88,22,19,24
1,1,28,26,33,81,74,83,21,19,26
1,1,38,32,45,84,80,87,24,17,29
1,1,39,35,44,86,79,92,19,12,24
1,1,19,17,26,82,75,89,46,39,50
1,1,41,35,43,81,74,83,41,35,47
1,1,41,37,48,81,74,85,35,32,42
1,1,21,16,28,70,67,76,35,33,41
1,1,35,32,42,70,67,72,21,14,26
1,1,39,35,46,72,65,77,29,25,32
1,1,19,13,22,83,76,89,51,47,55
1,1,23,19,30,74,69,81,37,31,39
1,1,35,30,41,72,65,79,51,46,56
1,1,30,28,35,71,65,78,24,20,31
1,1,40,33,44,83,76,86,15,13,22
1,1,22,18,29,72,68,79,57,51,61
1,1,30,24,33,69,62,71,38,36,42
1,1,19,15,26,71,69,78,41,34,43
1,1,26,24,31,82,76,86,38,35,41
1,1,21,18,26,81,75,84,54,49,57
1,1,28,26,34,72,68,78,44,38,46
1,1,18,16,23,82,80,85,24,18,30
1,1,18,14,22,85,80,88,30,25,35
1,1,37,32,41,78,72,83,19,17,21
1,1,24,18,29,80,76,86,21,14,23
1,1,29,22,35,76,73,81,20,13,27
1,1,16,9,19,78,74,82,32,29,37
1,1,25,20,31,68,62,71,30,28,32
1,1,34,28,38,73,70,77,35,33,40
1,1,35,31,38,80,74,83,16,9,23
1,1,40,35,47,82,80,85,50,46,54
1,1,32,28,37,70,68,75,43,41,48
1,1,39,37,44,69,66,73,44,38,47
1,1,29,27,35,83,79,89,27,23,30
1,1,36,34,41,72,69,77,45,43,47
1,1,31,25,35,74,72,79,25,18,31
1,1,18,12,21,88,83,91,58,54,63
1,1,32,25,34,69,64,73,54,51,57
1,1,37,32,44,71,69,76,22,19,24
1,1,23,19,28,78,73,81,27,23,29
1,1,44,37,47,82,76,85,20,13,27
1,1,35,28,39,86,79,90,20,15,27
1,1,18,14,25,71,65,76,47,44,52
1,1,27,21,31,70,68,73,28,25,31
1,1,22,17,28,76,69,79,41,39,47
1,1,36,29,38,68,62,72,53,48,59
1,1,18,15,25,81,75,85,33,28,39
1,1,16,11,22,79,72,85,47,41,50
1,1,39,36,45,74,69,78,16,14,23
1,1,34,28,40,74,67,79,15,8,17
1,1,27,22,34,82,79,85,48,42,55
1,1,42,37,45,71,69,74,46,39,50
1,1,20,13,26,85,82,87,56,50,59
1,1,19,16,23,75,72,78,18,16,21
1,1,23,17,27,79,75,84,24,19,29
1,1,42,40,44,87,84,93,35,28,42
1,1,42,38,46,82,77,87,56,50,60
1,1,33,31,36,87,85,94,52,48,55
1,1,36,29,42,71,64,73,46,42,52
1,1,35,30,39,70,68,75,34,29,40
1,1,29,23,36,84,77,86,15,10,21
1,1,16,14,19,81,75,86,46,44,52
1,1,17,11,20,85,79,90,17,12,20
1,1,43,40,50,82,79,88,28,22,31
1,1,44,39,51,87,80,93,25,22,28
1,1,33,26,38,77,74,83,29,24,33
1,1,23,18,30,77,74,82,46,43,53
1,1,38,36,45,79,76,83,28,23,30
1,1,19,15,22,84,79,91,38,31,44
1,1,29,23,33,72,68,78,15,13,22
1,1,31,28,33,68,63,70,47,45,50
1,1,36,29,42,77,71,83,17,10,22
1,1,36,34,43,72,66,74,37,34,44
1,1,27,23,29,79,72,86,50,47,55
1,1,16,10,21,77,70,80,41,36,47
1,1,34,28,36,74,68,78,27,24,31
1,1,24,17,28,82,77,88,21,17,28
1,1,18,11,24,70,65,72,41,37,47
1,1,28,24,30,84,79,87,22,16,26
1,1,19,12,24,76,74,78,55,50,61
1,1,30,26,37,72,70,77,30,24,33
1,1,19,16,26,75,70,81,23,16,29
1,1,44,38,51,70,68,76,46,43,52
1,1,31,24,33,68,62,70,34,32,41
1,1,38,34,41,84,80,88,34,27,38
1,1,16,11,22,75,73,81,45,40,49
1,1,22,18,25,88,83,92,36,32,42
1,1,22,16,27,80,78,83,38,35,41
1,1,33,29,40,88,82,91,53,48,58
1,1,19,17,26,83,77,86,45,38,51
1,1,18,12,25,80,75,84,38,33,43
1,1,31,26,33,84,82,89,39,36,43
1,1,29,25,35,68,64,75,35,32,39
1,1,26,21,33,82,78,84,27,24,30
1,1,40,33,45,68,64,72,47,42,49
1,1,20,15,27,73,66,78,54,48,59
1,1,18,14,21,76,74,80,60,55,62
1,1,36,29,43,83,76,87,58,54,60
1,1,27,24,29,68,66,72,52,45,57
1,1,26,19,33,87,82,92,27,20,34
1,1,38,34,44,82,77,89,17,13,23
1,1,28,24,31,87,84,91,25,19,31
1,1,21,15,26,73,68,76,24,20,29
1,1,28,24,34,87,82,94,57,52,63
1,1,19,14,23,68,65,72,52,50,56
1,1,35,31,40,82,78,85,28,22,35
1,1,27,25,30,74,68,76,53,47,59
1,1,41,39,48,68,65,74,45,40,52
1,1,32,25,34,83,78,90,53,50,60
1,1,26,19,31,88,81,91,23,21,28
1,1,30,24,37,77,71,83,56,51,59
1,1,27,25,33,82,79,86,46,42,51
1,1,21,16,28,80,73,83,44,38,46
1,1,17,10,23,72,65,79,38,31,41
1,1,42,38,49,78,73,80,52,45,58
1,1,24,22,31,69,66,71,40,36,45
1,1,20,15,23,85,83,91,60,58,67
1,1,42,37,46,75,73,79,42,35,46
1,1,29,23,32,76,69,80,60,58,64
1,1,29,22,31,78,72,83,30,25,35
1,1,17,13,19,80,73,85,58,52,60
1,1,22,15,27,68,65,75,30,23,32
1,1,43,37,45,76,74,78,37,32,42
1,1,39,35,41,74,72,76,48,41,50
1,1,26,24,32,84,79,91,18,12,24
1,1,17,14,21,80,75,85,51,46,56
1,1,18,16,24,76,69,82,54,50,60
1,1,17,15,22,82,80,84,16,9,22
1,1,42,38,47,75,73,77,54,52,56
1,1,36,32,43,78,72,83,37,34,41
1,1,23,18,28,80,78,83,16,9,18
1,1,37,30,39,71,66,76,17,14,19
1,1,30,24,32,80,78,86,20,14,26
1,1,32,29,38,73,69,75,48,43,55
1,1,17,14,23,75,68,78,37,32,43
1,1,32,27,35,79,77,84,54,47,57
1,1,28,24,32,80,73,85,56,49,61
1,1,38,32,43,82,79,88,50,44,53
1,1,17,10,23,79,75,82,39,32,43
1,1,30,25,35,85,82,88,20,14,24
1,1,16,11,21,75,72,81,52,47,56
1,1,42,35,45,82,80,86,30,24,36
1,1,17,10,23,88,81,93,58,51,60
1,1,38,36,42,87,83,92,57,54,60
1,1,30,26,34,88,86,90,25,19,30
1,1,18,13,23,77,75,80,31,25,37
1,1,24,17,31,85,80,88,15,9,21
1,1,18,14,20,77,74,82,57,55,63
1,1,40,35,43,85,80,88,19,13,21
1,1,20,18,23,77,72,84,21,14,24
1,1,37,33,44,78,76,80,24,17,29
1,1,23,20,30,79,75,85,35,32,39
1,1,36,34,38,74,71,77,56,51,61
1,1,37,33,39,84,80,87,54,52,57
1,1,26,20,30,82,75,87,54,51,58
1,1,34,29,39,69,65,72,16,11,18
1,1,40,34,45,69,64,74,48,43,50
1,1,39,35,43,77,71,83,55,53,62
1,1,20,15,24,71,66,74,60,55,67
1,1,23,18,30,73,68,78,41,36,45
1,1,27,21,34,70,64,77,60,53,65
1,1,44,42,47,75,69,80,27,23,31
1,1,25,18,29,80,77,84,37,35,42
1,1,36,31,40,79,74,84,19,16,25
1,1,34,30,41,69,65,72,23,20,26
1,1,26,22,28,87,83,92,29,26,35
1,1,24,17,26,81,77,87,17,15,22
1,1,44,38,48,84,77,86,22,18,29
1,1,16,14,21,79,76,86,55,52,59
1,1,31,27,36,86,80,93,25,19,31
1,1,26,22,28,73,68,79,15,11,19
1,1,29,23,34,87,84,89,25,18,29
1,1,41,39,46,86,83,92,44,39,48
1,1,35,32,38,82,78,88,39,32,45
1,1,43,37,45,74,67,76,18,13,25
1,1,32,26,35,77,74,80,35,31,41
1,1,44,40,47,72,67,75,32,29,35
1,1,26,19,31,76,74,81,31,25,37
1,1,43,38,47,83,80,87,33,26,39
1,1,17,15,19,87,85,94,47,41,50
1,1,20,13,27,74,67,78,49,43,56
1,1,17,14,24,86,84,93,27,25,29
1,1,30,28,37,77,74,81,28,26,33
1,1,34,31,41,85,80,90,48,42,53
1,1,28,24,34,78,75,83,26,22,31
1,1,33,28,35,85,79,91,58,56,61
1,1,40,38,42,80,76,83,44,38,46
1,1,24,18,30,71,66,75,31,25,33
1,1,37,31,40,85,79,91,41,36,48
1,1,30,26,34,70,65,75,30,28,37
1,1,39,35,45,72,70,78,53,47,59
1,1,38,36,45,70,67,77,21,19,26
1,1,24,18,30,87,84,94,25,21,31
1,1,21,15,25,87,81,94,54,51,61
1,1,20,16,22,75,69,80,57,55,61
1,1,37,30,43,80,76,84,34,31,39
1,1,27,21,33,70,63,77,44,40,50
1,1,27,22,31,81,76,84,16,12,19
1,1,28,24,34,84,79,87,50,46,52
1,1,18,12,25,85,81,87,49,47,54
1,1,33,30,37,88,86,92,21,19,28
1,1,20,17,24,72,65,78,22,20,26
1,1,18,11,22,72,66,78,56,51,62
1,1,36,31,42,82,80,85,53,48,60
1,1,31,24,34,74,67,76,40,38,45
1,1,21,14,27,70,67,74,33,31,38
1,1,42,37,47,74,69,81,22,16,27
1,1,42,38,46,81,75,84,37,30,44
1,1,27,20,29,88,81,92,47,45,53
1,1,38,35,45,85,78,91,41,35,47
1,1,26,19,29,87,84,93,51,49,56
1,1,21,18,27,75,70,80,29,25,31
1,1,42,40,46,83,80,86,18,12,22
1,1,16,12,21,71,69,75,23,20,27
1,1,40,35,47,85,78,90,41,35,44
1,1,17,10,24,70,67,72,29,26,31
1,1,29,25,35,83,79,86,50,43,54
1,1,34,27,38,87,80,92,52,50,56
1,1,32,30,36,78,74,81,48,43,53
1,1,21,19,28,70,67,76,27,23,34
1,1,17,11,20,75,73,80,19,13,23
1,1,20,16,23,72,66,75,55,50,58
1,1,19,15,23,77,74,82,51,47,53
1,1,25,20,29,70,68,76,31,26,36
1,1,34,32,36,80,73,82,34,30,41
1,1,27,22,34,78,71,84,46,44,48
1,1,34,31,39,73,67,78,58,52,64
1,1,36,30,42,84,77,88,41,36,45
1,1,26,22,30,87,83,90,42,39,47
1,1,41,36,45,76,71,83,21,16,27
1,1,35,33,38,84,79,87,32,27,39
1,1,19,16,23,71,69,74,16,10,22
1,1,20,17,27,75,72,79,55,49,61
1,1,19,17,23,72,70,79,50,47,55
1,1,33,27,35,75,73,80,60,58,66
1,1,43,38,48,85,78,92,23,17,30
1,1,36,30,43,78,72,84,42,39,47
1,1,25,23,32,74,69,79,19,15,24
1,1,38,36,41,73,66,80,37,31,41
1,1,30,27,33,76,73,81,40,34,44
1,1,28,22,34,68,61,72,27,23,33
1,1,27,21,30,81,74,85,24,17,27
1,1,35,29,42,74,71,78,30,24,37
1,1,16,10,22,88,83,91,25,22,31
1,1,26,21,33,75,70,79,39,35,46
1,1,30,24,35,78,76,81,47,41,53
1,1,24,21,28,79,73,82,20,18,26
1,1,16,12,19,87,85,91,18,15,21
1,1,20,15,26,82,76,85,37,33,43
1,1,28,25,31,75,69,81,54,51,60
1,1,27,20,34,81,78,87,32,30,35
1,1,35,28,41,82,76,87,60,53,62
1,1,24,22,31,83,79,90,58,54,63
1,1,24,19,30,86,84,90,28,23,32
1,1,40,36,47,87,81,89,35,29,40
1,1,21,15,26,75,72,82,55,53,61
1,1,33,30,37,77,72,82,59,52,66
1,1,32,30,36,83,79,89,58,52,63
1,1,33,26,38,84,82,86,27,24,34
1,1,44,40,49,84,80,87,50,43,53
1,1,40,37,42,85,83,90,20,15,23
1,1,28,25,30,87,81,91,47,45,52
1,1,20,13,26,87,85,93,56,51,61
1,1,40,34,45,79,76,82,25,22,29
1,1,36,33,43,73,69,76,15,11,22
1,1,26,22,29,74,69,76,56,52,62
1,1,26,22,29,88,82,93,44,40,48
1,1,23,20,27,80,76,82,37,34,44
1,1,28,22,33,85,83,90,16,9,23
1,1,21,14,28,68,66,72,35,28,38
1,1,41,38,45,83,78,89,36,33,41
1,1,28,26,31,79,74,85,27,25,30
1,1,34,29,39,69,62,76,31,26,33
1,1,21,15,27,83,81,86,50,48,55
1,1,17,13,21,78,73,85,34,31,36
1,1,29,24,35,86,79,90,25,21,27
1,1,37,30,40,79,72,83,60,55,63
1,1,25,22,31,84,80,91,39,34,42
1,1,29,24,34,78,72,80,60,53,64
1,1,25,19,29,83,79,88,24,17,27
1,1,24,22,27,80,77,83,18,13,20
1,1,41,37,46,73,69,76,29,24,34
1,1,35,32,40,87,82,89,53,46,57
1,1,17,15,24,82,75,84,35,31,41
1,1,34,30,39,88,85,94,44,37,46
1,1,41,34,43,82,79,86,19,17,21
1,1,37,30,43,73,68,77,42,38,44
1,1,41,35,44,69,62,75,17,12,19
1,1,34,29,38,83,80,86,43,41,45
1,1,42,39,48,79,74,85,21,15,25
1,1,40,33,43,75,73,79,38,36,45
1,1,37,31,39,80,76,86,48,43,51
1,1,36,29,40,76,70,82,41,38,48
1,1,27,21,32,72,66,75,33,30,37
1,1,41,38,45,88,85,92,53,48,57
1,1,34,29,37,88,86,92,18,15,22
1,1,43,37,47,75,68,79,42,36,48
1,1,31,28,37,88,83,90,57,51,61
1,1,35,33,39,68,64,72,43,40,46
1,1,31,27,37,70,64,74,44,39,49
1,1,27,21,29,87,85,93,38,35,45
1,1,44,42,46,88,86,94,21,14,26
1,1,23,20,27,69,63,73,15,12,21
1,1,22,17,25,83,76,85,20,17,22
1,1,28,24,32,81,79,87,17,13,23
1,1,41,35,44,75,72,79,21,16,23
1,1,22,17,25,79,77,85,18,12,21
1,1,29,24,35,71,66,77,19,15,26
1,1,33,31,37,74,71,78,44,39,47
1,1,24,22,31,70,68,76,42,40,48
1,1,22,15,27,82,76,89,33,28,39
1,1,30,25,36,85,80,91,54,51,58
1,1,33,29,40,88,82,91,26,19,31
1,1,28,24,30,68,62,75,48,43,55
1,1,36,31,39,73,69,77,26,24,33
1,1,32,27,35,81,78,87,23,18,28
1,1,44,41,50,77,70,79,27,23,32
1,1,42,37,44,71,66,73,51,49,55
1,1,29,22,33,72,70,79,49,46,51
1,1,43,40,45,74,67,78,40,38,42
1,1,43,36,45,87,83,94,47,41,54
1,1,18,14,24,84,77,88,38,35,42
1,1,23,19,25,75,68,80,36,31,42
1,1,30,26,36,86,80,93,49,43,51
1,1,41,36,44,71,69,75,16,11,21
1,1,19,15,26,87,82,94,50,44,55
1,1,41,38,47,70,67,77,45,38,48
1,1,24,22,29,79,73,86,56,53,63
1,1,20,17,26,74,70,77,18,14,24
1,1,21,18,26,77,72,79,54,47,56
1,1,37,34,42,72,66,76,16,12,20
1,1,39,36,42,74,67,76,21,14,25
1,1,33,31,37,78,71,80,16,11,22
1,1,43,39,50,74,67,80,26,23,33
1,1,41,38,48,68,66,71,54,48,56
1,1,38,34,43,78,73,81,40,38,44
1,1,22,16,28,76,71,80,18,11,25
1,1,43,37,48,72,69,74,52,46,57
1,1,28,24,33,78,72,82,40,34,42
1,1,24,22,31,78,71,84,40,38,46
1,1,29,24,33,72,69,79,46,43,51
1,1,41,34,43,77,75,82,33,26,38
1,1,37,33,39,71,64,75,17,13,19
1,1,44,40,48,71,65,76,16,14,19
1,1,21,18,25,71,64,75,18,12,22
1,1,34,29,39,78,71,80,31,29,35
1,1,19,16,21,87,84,90,55,53,58
1,1,23,19,30,88,82,90,42,35,47
1,1,36,34,40,83,77,90,18,13,23
1,1,22,19,26,70,63,74,41,34,44
1,1,40,38,45,68,61,74,60,56,62
1,1,35,28,42,87,85,93,19,13,22
1,1,39,37,43,87,81,93,36,31,39
1,1,42,36,44,84,79,86,22,18,25
1,1,27,21,34,73,68,78,17,11,23
1,1,28,21,31,75,73,79,35,33,40
1,1,26,19,31,84,81,91,36,32,43
1,1,22,18,28,72,66,77,39,33,45
1,1,29,23,33,86,83,93,25,23,32
1,1,27,21,30,76,74,81,56,52,61
1,1,17,15,21,72,70,74,56,53,62
1,1,23,16,26,80,76,84,48,42,50
1,1,38,32,43,85,83,90,26,24,32
1,1,43,41,46,75,71,78,20,15,22
1,1,42,39,48,68,63,71,32,28,34
1,1,20,17,22,70,65,72,49,44,51
1,1,42,36,45,86,80,92,20,13,25
1,1,37,32,43,84,79,88,52,45,58
1,1,20,16,23,82,77,86,29,26,34
1,1,41,37,44,74,71,80,18,11,22
1,1,30,28,37,82,78,89,33,31,37
1,1,24,21,27,70,67,76,27,22,33
1,1,24,22,27,78,71,80,59,54,62
1,1,20,15,25,69,66,75,43,36,50
1,1,40,38,47,82,78,84,28,23,31
1,1,33,27,37,83,80,86,29,27,31
1,1,44,41,47,87,80,94,47,43,53
1,1,41,37,47,81,79,83,36,32,43
1,1,40,37,45,84,81,89,51,45,57
1,1,32,29,35,73,69,77,26,22,32
1,1,40,33,43,84,79,91,20,14,27
1,1,29,26,36,81,79,84,42,39,49
1,1,17,10,19,70,63,76,30,24,37
1,1,30,27,34,87,83,90,36,29,43
1,1,16,9,23,87,82,90,21,14,26
1,1,20,13,27,77,70,81,42,35,46
1,1,39,32,46,72,67,74,49,45,51
1,1,30,28,32,77,72,83,16,10,23
1,1,29,25,36,85,78,89,16,14,22
1,1,16,9,20,83,77,88,39,36,42
1,1,34,29,36,73,66,79,22,19,27
1,1,23,21,27,79,73,82,48,41,55
1,1,18,16,24,71,65,73,51,47,58
1,1,30,28,36,88,84,92,34,30,39
1,1,26,24,32,68,64,74,50,47,53
1,1,16,13,21,82,75,85,52,48,58
1,1,19,12,26,87,83,94,45,39,47
1,1,21,16,28,74,69,77,55,49,60
1,1,44,39,49,85,81,88,28,26,31
1,1,34,31,38,88,83,90,59,55,64
1,1,16,10,18,75,68,77,42,36,45
1,1,43,41,46,81,74,83,51,48,54
1,1,41,38,48,82,79,87,26,20,28
1,1,30,26,37,86,81,93,49,42,55
1,1,20,13,24,86,84,92,19,13,22
1,1,32,27,34,87,80,93,22,15,24
1,1,29,22,32,80,74,87,28,23,31
1,1,19,17,26,74,72,76,54,49,58
1,1,38,32,44,79,73,82,46,43,51
1,1,35,32,39,72,69,74,48,45,51
1,1,24,20,30,80,75,82,33,30,35
1,1,17,14,23,78,75,84,31,29,37
1,1,39,37,45,86,80,93,55,53,60
1,1,34,27,37,69,67,71,35,30,37
1,1,21,16,25,87,82,91,25,18,29
1,1,29,22,31,77,75,81,49,43,51
1,1,24,19,27,80,78,86,23,21,27
1,1,16,9,22,78,73,85,42,39,49
1,1,21,18,24,88,85,90,28,25,32
1,1,30,27,33,80,78,83,28,22,32
1,1,24,19,30,79,77,83,29,27,36
1,1,34,28,36,78,76,83,26,20,32
1,1,21,14,24,83,78,87,20,14,22
1,1,28,25,32,74,70,81,36,31,43
1,1,18,13,20,75,68,81,39,35,45
1,1,37,31,43,72,65,74,34,29,38
1,1,31,29,34,77,70,83,59,52,66
1,1,31,24,35,86,83,91,40,33,47
1,1,28,25,32,68,66,73,54,47,59
1,1,18,11,20,68,66,75,53,49,59
1,1,39,37,43,72,69,78,55,48,57
1,1,31,27,36,78,73,81,51,48,58
1,1,19,13,21,80,73,84,36,29,42
1,1,16,12,21,79,73,84,20,18,26
1,1,26,22,29,74,72,80,58,52,62
1,1,34,30,39,68,65,73,25,21,29
1,1,41,39,48,68,62,73,41,39,47
1,1,37,33,41,85,81,92,53,49,58
1,1,17,13,21,76,71,80,57,51,63
1,1,34,28,40,70,68,75,51,44,57
1,1,20,15,24,81,78,84,33,29,36
1,1,33,30,39,76,73,80,41,39,44
1,1,29,22,32,73,71,77,40,33,46
1,1,16,13,21,83,81,88,22,19,29
1,1,39,36,41,80,73,85,20,13,22
1,1,36,33,40,80,74,84,33,28,37
1,1,30,25,37,78,73,82,33,29,40
1,1,38,31,45,72,68,74,47,41,52
1,1,44,41,48,80,75,83,28,21,31
1,1,19,17,22,84,78,89,60,54,63
1,1,30,26,35,84,78,86,22,18,24
1,1,44,37,48,82,75,86,23,16,30
1,1,42,37,44,83,77,86,46,44,51
1,1,32,29,36,74,67,79,50,44,57
1,1,34,31,40,70,63,74,23,16,25
1,1,34,32,40,73,71,75,46,44,49
1,1,18,11,24,71,67,75,44,37,46
1,1,24,19,29,87,84,92,34,27,36
1,1,27,21,33,88,83,93,16,11,21
1,1,41,38,46,83,77,87,54,52,57
1,1,43,37,47,83,80,86,43,36,49
1,1,42,35,48,83,79,88,20,15,27
1,1,30,26,35,83,76,88,24,18,31
1,1,31,26,38,83,80,87,22,15,26
1,1,30,24,36,81,78,84,22,15,28
1,1,17,11,24,84,81,89,43,36,48
1,1,43,36,45,79,74,83,51,47,56
1,1,19,15,25,77,74,82,43,36,48
1,1,29,27,33,74,71,77,28,23,33
1,1,35,28,42,72,70,76,58,56,63
1,1,16,10,22,72,70,78,17,13,22
1,1,30,28,33,70,63,73,50,45,53
1,1,33,27,36,87,80,91,46,39,51
1,1,35,33,40,84,82,91,49,45,53
1,1,37,33,43,71,67,74,58,51,65
1,1,35,31,38,83,77,87,28,25,35
1,1,29,26,34,86,84,92,56,49,59
1,1,26,19,33,68,62,74,43,38,45
1,1,26,21,29,70,64,73,27,25,29
1,1,37,31,39,88,86,93,41,34,45
1,1,25,18,30,76,69,82,41,36,44
1,1,30,25,33,82,75,84,32,27,35
1,1,43,37,50,69,66,76,37,34,41
1,1,24,20,30,71,66,75,54,49,61
1,1,21,19,26,70,65,76,37,35,42
1,1,24,18,30,72,65,76,22,20,26
1,1,43,39,49,68,61,71,30,25,34
1,1,39,37,41,72,65,75,23,16,27
1,1,43,39,50,83,76,89,27,24,32
1,1,35,29,38,76,73,79,45,38,47
1,1,23,17,26,73,68,78,38,36,41
1,1,35,33,42,69,63,75,26,23,30
1,1,43,37,48,83,76,89,53,47,55
1,1,42,39,46,77,74,80,38,32,45
1,1,21,17,27,84,78,88,47,44,50
1,1,21,16,23,75,70,82,38,34,41
1,1,37,30,42,85,80,89,23,18,26
1,1,23,21,29,87,84,91,48,43,53
1,1,26,23,32,79,77,82,25,21,28
1,1,16,11,18,82,78,87,38,36,45
1,1,32,28,39,76,73,78,58,52,60
1,1,37,31,41,68,65,73,22,15,24
1,1,32,27,38,72,69,76,26,22,28
1,1,27,20,31,71,69,75,27,23,32
1,1,44,37,46,75,69,78,25,19,30
1,1,20,13,26,80,75,86,23,17,25
1,1,20,13,23,76,69,79,34,29,40
1,1,35,31,42,82,80,87,60,57,62
1,1,34,30,36,84,80,89,59,55,61
1,1,36,33,41,72,69,74,27,22,33
1,1,24,20,26,71,68,73,32,28,39
1,1,21,16,28,68,63,73,59,53,66
1,1,16,14,20,72,65,77,34,29,40
1,1,25,19,32,84,81,91,30,23,35
1,1,25,22,30,77,75,82,43,40,49
1,1,41,35,48,80,74,84,39,33,43
1,1,27,25,30,78,76,85,27,24,33
1,1,30,25,37,73,70,77,19,13,24
1,1,32,27,37,86,79,92,21,19,28
1,1,43,40,47,76,73,78,38,33,43
1,1,43,36,48,72,68,78,42,37,46
1,1,41,38,44,81,75,88,49,47,54
1,1,20,16,27,79,74,83,45,40,47
1,1,42,37,46,79,74,85,28,21,30
1,1,35,31,40,76,71,78,42,40,45
1,1,17,13,23,87,82,93,58,55,63
1,1,22,18,29,73,69,79,55,48,59
1,1,42,36,46,68,64,74,31,27,35
1,1,43,36,49,82,75,89,40,36,47
1,1,17,10,23,86,80,88,27,20,29
1,1,25,19,32,74,71,79,56,53,58
1,1,43,40,47,86,81,93,58,52,60
1,1,40,34,46,84,82,86,43,36,50
1,1,21,16,26,72,70,79,59,56,62
1,1,24,21,29,71,68,77,54,49,60
1,1,42,38,45,81,74,87,21,17,27
1,1,20,18,23,70,63,76,51,47,57
1,1,40,37,44,81,74,87,21,16,27
1,1,43,41,46,75,70,82,52,46,54
1,1,29,25,31,88,84,90,59,53,65
1,1,22,16,26,81,76,83,32,28,38
1,1,44,37,50,85,81,91,41,39,46
1,1,32,27,36,71,66,78,39,35,46
1,1,34,30,40,80,73,86,44,38,47
1,1,37,32,43,72,65,79,48,46,51
1,1,19,17,24,82,79,84,35,30,41
1,1,29,23,33,81,75,88,48,44,53
1,1,18,15,25,68,62,70,23,19,26
1,1,22,15,27,84,82,89,24,18,26
1,1,40,34,42,84,77,88,29,26,36
1,1,16,14,18,79,77,85,48,45,53
1,1,34,28,37,78,76,85,30,23,34
1,1,25,22,32,75,71,77,46,44,51
1,1,39,35,43,70,64,73,20,15,27
1,1,43,36,46,83,77,90,55,50,62
1,1,33,31,37,73,70,77,46,40,51
1,1,34,28,37,78,72,82,24,22,30
1,1,31,28,37,84,80,89,41,36,44
1,1,39,37,44,72,68,76,29,23,34
1,1,27,23,31,85,80,92,52,47,59
1,1,40,37,47,88,85,91,26,22,32
1,1,22,19,25,84,82,87,44,37,46
1,1,42,36,49,71,68,74,46,40,50
1,1,39,35,45,81,78,85,53,49,57
1,1,41,37,46,73,69,77,16,9,22
1,1,20,14,24,85,81,88,60,56,62
1,1,23,16,28,78,74,84,28,25,33
1,1,37,35,42,74,72,76,15,10,22
1,1,24,21,26,69,64,76,20,16,23
1,1,20,18,25,82,75,85,49,47,54
1,1,23,21,26,68,61,71,36,29,40
1,1,34,32,38,87,85,92,45,40,50
1,1,16,11,22,73,69,76,44,41,48
1,1,26,23,30,88,82,92,27,21,29
1,1,36,33,41,86,79,93,60,55,62
1,1,17,10,24,80,76,86,49,43,51
1,1,17,15,22,76,71,80,46,43,51
1,1,28,21,35,87,82,91,46,40,51
1,1,42,35,49,82,76,84,41,37,45
1,1,17,12,22,83,81,89,35,33,41
1,1,41,34,45,76,73,78,59,53,62
1,1,20,16,22,81,79,87,34,30,41
1,1,20,15,26,79,75,86,23,17,26
1,1,21,19,25,68,66,75,55,48,57
1,1,44,39,48,81,79,85,35,31,41
1,1,28,22,31,73,68,78,56,52,60
1,1,25,20,29,87,83,90,26,23,31
1,1,29,26,31,72,65,79,29,26,34
1,1,28,26,30,82,75,89,21,15,26
1,1,33,29,38,72,67,77,22,15,27
1,1,33,28,39,86,82,90,60,54,65
1,1,25,21,32,70,64,73,38,32,42
1,1,17,11,22,69,65,75,50,47,55
1,1,17,14,20,72,68,74,31,28,38
1,1,39,37,41,83,81,89,38,32,45
1,1,23,18,28,84,81,89,33,27,40
1,1,31,28,36,78,73,84,51,48,54
1,1,19,14,21,69,64,71,39,33,43
1,1,26,19,33,76,69,79,43,36,45
1,1,21,17,26,88,83,91,22,19,24
1,1,34,29,40,69,65,71,56,52,63
1,1,26,19,32,76,74,78,46,40,52
1,1,18,15,21,81,79,88,49,44,53
1,1,28,22,33,70,66,72,22,16,28
1,1,29,27,31,88,85,91,43,37,45
1,1,35,30,41,71,65,77,57,53,63
1,1,31,25,36,80,78,87,46,44,50
1,1,31,25,34,78,71,82,34,29,41
1,1,18,13,21,74,70,76,54,49,56
1,1,16,11,23,86,79,92,39,32,44
1,1,16,12,20,71,65,76,56,51,59
1,1,25,22,30,75,71,82,33,29,35
1,1,28,23,32,70,65,72,42,35,44
1,1,29,25,35,81,75,84,17,15,21
1,1,43,41,49,78,74,84,48,45,55
1,1,43,37,45,75,68,81,17,13,23
1,1,25,23,31,80,74,84,15,12,18
1,1,20,13,26,72,67,79,31,27,37
1,1,24,20,31,75,71,80,17,13,21
1,1,40,34,46,85,83,89,22,18,26
1,1,27,24,31,80,74,86,52,45,58
1,1,43,37,48,76,72,79,56,52,62
1,1,38,34,45,79,74,82,42,36,47
1,1,25,20,31,77,75,80,54,47,59
1,1,31,27,37,68,61,73,42,36,49
1,1,29,23,31,73,68,79,54,52,56
1,1,22,18,29,78,74,84,45,40,48
1,1,39,36,46,78,74,85,54,51,59
1,1,29,25,33,83,78,87,47,42,50
1,1,23,19,29,75,69,82,27,23,34
1,1,34,30,36,85,80,90,28,25,30
1,1,40,34,45,71,66,75,23,19,30
1,1,43,37,46,73,71,75,32,28,35
1,1,22,16,24,85,78,90,29,24,34
1,1,33,27,40,68,64,74,57,51,59
1,1,32,30,35,78,73,83,35,29,39
1,1,29,23,32,79,75,83,37,32,43
1,1,35,33,42,74,69,79,42,40,48
1,1,33,29,35,83,80,85,34,29,38
1,1,22,20,26,82,78,89,18,13,20
1,1,37,33,44,86,79,93,30,24,37
1,1,23,20,28,74,72,79,42,37,45
1,1,23,16,28,76,72,81,38,32,40
1,1,25,22,31,74,68,81,45,42,49
1,1,26,21,29,74,70,77,34,31,38
1,1,18,15,23,83,78,87,32,29,36
1,1,34,28,39,88,83,92,45,40,48
1,1,41,34,46,71,66,74,48,44,55
1,1,40,35,42,81,77,85,42,40,44
1,1,44,41,50,73,71,77,15,12,18
1,1,20,16,23,75,70,82,39,34,45
1,1,19,16,25,76,74,80,33,29,39
1,1,38,33,41,82,80,85,35,30,40
1,1,41,36,44,79,72,84,29,25,32
1,1,30,25,32,69,64,75,59,55,61
1,1,32,26,38,82,79,88,37,35,40
1,1,26,20,30,84,78,89,51,46,56
1,1,19,13,23,73,66,79,50,47,55
1,1,19,15,25,73,67,75,18,16,25
1,1,24,21,27,75,70,80,35,30,40
1,1,21,16,25,82,76,85,19,13,26
1,1,36,31,42,85,79,90,53,50,58
1,1,35,31,41,68,63,74,19,13,26
1,1,30,25,35,78,76,80,47,41,54
1,1,32,30,35,68,61,70,26,20,28
1,1,31,29,38,71,64,77,18,13,21
1,1,28,24,35,68,61,74,26,20,32
1,1,17,12,19,83,76,86,45,42,47
1,1,20,16,27,87,84,90,35,30,38
1,1,26,23,31,76,73,82,41,38,47
1,1,18,11,25,73,68,75,32,26,34
1,1,33,27,38,88,86,92,23,16,25
1,1,29,25,36,86,83,91,37,35,43
1,1,17,11,21,71,65,73,22,20,25
1,1,24,21,26,86,79,89,34,28,36
1,1,38,33,45,87,85,90,59,55,64
1,1,37,32,41,79,73,86,28,21,30
1,1,43,40,48,72,69,75,37,31,43
1,1,43,39,47,81,77,85,26,21,30
1,1,30,23,36,76,70,80,59,55,64
1,1,23,21,28,78,74,81,45,38,51
1,1,23,17,28,76,70,82,46,39,49
1,1,40,34,45,83,80,88,59,53,61
1,1,16,13,22,72,65,76,32,30,37
1,1,20,14,25,68,61,73,16,13,22
1,1,18,16,22,78,71,85,25,21,32
1,1,28,26,34,88,85,95,36,32,42
1,1,27,20,34,79,76,81,41,37,44
1,1,41,37,45,69,66,73,48,41,51
1,1,21,17,25,76,70,78,21,18,28
1,1,21,18,23,87,83,93,26,22,28
1,1,43,38,50,70,63,74,38,32,42
1,1,39,34,42,74,67,80,25,23,28
1,1,38,35,44,80,74,84,57,53,63
1,1,39,34,42,70,64,77,41,35,45
1,1,29,27,36,84,80,86,15,10,21
1,1,36,33,42,71,68,76,25,20,29
1,1,29,23,33,83,76,87,36,29,42
1,1,40,35,47,71,68,75,36,32,42
1,1,41,37,48,85,83,87,24,20,28
1,1,33,30,36,88,82,95,54,52,61
1,1,37,30,42,68,65,71,26,23,29
1,1,44,37,51,86,83,90,19,15,22
1,1,26,23,33,85,82,91,51,48,54
